,ds,y
0,1970-01-04,56.76046110000001
1,1970-01-11,0.0
2,1970-01-18,0.0
3,1970-01-25,0.0
4,1970-02-01,0.0
5,1970-02-08,0.0
6,1970-02-15,0.0
7,1970-02-22,0.0
8,1970-03-01,0.0
9,1970-03-08,0.0
10,1970-03-15,0.0
11,1970-03-22,0.0
12,1970-03-29,0.0
13,1970-04-05,0.0
14,1970-04-12,0.0
15,1970-04-19,0.0
16,1970-04-26,0.0
17,1970-05-03,0.0
18,1970-05-10,0.0
19,1970-05-17,0.0
20,1970-05-24,0.0
21,1970-05-31,0.0
22,1970-06-07,0.0
23,1970-06-14,0.0
24,1970-06-21,0.0
25,1970-06-28,0.0
26,1970-07-05,0.0
27,1970-07-12,0.0
28,1970-07-19,0.0
29,1970-07-26,0.0
30,1970-08-02,0.0
31,1970-08-09,0.0
32,1970-08-16,0.0
33,1970-08-23,0.0
34,1970-08-30,0.0
35,1970-09-06,0.0
36,1970-09-13,0.0
37,1970-09-20,0.0
38,1970-09-27,0.0
39,1970-10-04,0.0
40,1970-10-11,0.0
41,1970-10-18,0.0
42,1970-10-25,0.0
43,1970-11-01,0.0
44,1970-11-08,0.0
45,1970-11-15,0.0
46,1970-11-22,0.0
47,1970-11-29,0.0
48,1970-12-06,0.0
49,1970-12-13,0.0
50,1970-12-20,0.0
51,1970-12-27,0.0
52,1971-01-03,0.0
53,1971-01-10,0.0
54,1971-01-17,0.0
55,1971-01-24,0.0
56,1971-01-31,0.0
57,1971-02-07,0.0
58,1971-02-14,0.0
59,1971-02-21,0.0
60,1971-02-28,0.0
61,1971-03-07,0.0
62,1971-03-14,0.0
63,1971-03-21,0.0
64,1971-03-28,0.0
65,1971-04-04,0.0
66,1971-04-11,0.0
67,1971-04-18,0.0
68,1971-04-25,0.0
69,1971-05-02,0.0
70,1971-05-09,0.0
71,1971-05-16,0.0
72,1971-05-23,0.0
73,1971-05-30,0.0
74,1971-06-06,0.0
75,1971-06-13,0.0
76,1971-06-20,0.0
77,1971-06-27,0.0
78,1971-07-04,0.0
79,1971-07-11,0.0
80,1971-07-18,0.0
81,1971-07-25,0.0
82,1971-08-01,0.0
83,1971-08-08,0.0
84,1971-08-15,0.0
85,1971-08-22,0.0
86,1971-08-29,0.0
87,1971-09-05,0.0
88,1971-09-12,0.0
89,1971-09-19,0.0
90,1971-09-26,0.0
91,1971-10-03,0.0
92,1971-10-10,0.0
93,1971-10-17,0.0
94,1971-10-24,0.0
95,1971-10-31,0.0
96,1971-11-07,0.0
97,1971-11-14,0.0
98,1971-11-21,0.0
99,1971-11-28,0.0
100,1971-12-05,0.0
101,1971-12-12,0.0
102,1971-12-19,0.0
103,1971-12-26,0.0
104,1972-01-02,0.0
105,1972-01-09,0.0
106,1972-01-16,0.0
107,1972-01-23,0.0
108,1972-01-30,0.0
109,1972-02-06,0.0
110,1972-02-13,0.0
111,1972-02-20,0.0
112,1972-02-27,0.0
113,1972-03-05,0.0
114,1972-03-12,0.0
115,1972-03-19,0.0
116,1972-03-26,0.0
117,1972-04-02,0.0
118,1972-04-09,0.0
119,1972-04-16,0.0
120,1972-04-23,0.0
121,1972-04-30,0.0
122,1972-05-07,0.0
123,1972-05-14,0.0
124,1972-05-21,0.0
125,1972-05-28,0.0
126,1972-06-04,0.0
127,1972-06-11,0.0
128,1972-06-18,0.0
129,1972-06-25,0.0
130,1972-07-02,0.0
131,1972-07-09,0.0
132,1972-07-16,0.0
133,1972-07-23,0.0
134,1972-07-30,0.0
135,1972-08-06,0.0
136,1972-08-13,0.0
137,1972-08-20,0.0
138,1972-08-27,0.0
139,1972-09-03,0.0
140,1972-09-10,0.0
141,1972-09-17,0.0
142,1972-09-24,0.0
143,1972-10-01,0.0
144,1972-10-08,0.0
145,1972-10-15,0.0
146,1972-10-22,0.0
147,1972-10-29,0.0
148,1972-11-05,0.0
149,1972-11-12,0.0
150,1972-11-19,0.0
151,1972-11-26,0.0
152,1972-12-03,0.0
153,1972-12-10,0.0
154,1972-12-17,0.0
155,1972-12-24,0.0
156,1972-12-31,0.0
157,1973-01-07,0.0
158,1973-01-14,0.0
159,1973-01-21,0.0
160,1973-01-28,0.0
161,1973-02-04,0.0
162,1973-02-11,0.0
163,1973-02-18,0.0
164,1973-02-25,0.0
165,1973-03-04,0.0
166,1973-03-11,0.0
167,1973-03-18,0.0
168,1973-03-25,0.0
169,1973-04-01,0.0
170,1973-04-08,0.0
171,1973-04-15,0.0
172,1973-04-22,0.0
173,1973-04-29,0.0
174,1973-05-06,0.0
175,1973-05-13,0.0
176,1973-05-20,0.0
177,1973-05-27,0.0
178,1973-06-03,0.0
179,1973-06-10,0.0
180,1973-06-17,0.0
181,1973-06-24,0.0
182,1973-07-01,0.0
183,1973-07-08,0.0
184,1973-07-15,0.0
185,1973-07-22,0.0
186,1973-07-29,0.0
187,1973-08-05,0.0
188,1973-08-12,0.0
189,1973-08-19,0.0
190,1973-08-26,0.0
191,1973-09-02,0.0
192,1973-09-09,0.0
193,1973-09-16,0.0
194,1973-09-23,0.0
195,1973-09-30,0.0
196,1973-10-07,0.0
197,1973-10-14,0.0
198,1973-10-21,0.0
199,1973-10-28,0.0
200,1973-11-04,0.0
201,1973-11-11,0.0
202,1973-11-18,0.0
203,1973-11-25,0.0
204,1973-12-02,0.0
205,1973-12-09,0.0
206,1973-12-16,0.0
207,1973-12-23,0.0
208,1973-12-30,0.0
209,1974-01-06,0.0
210,1974-01-13,0.0
211,1974-01-20,0.0
212,1974-01-27,0.0
213,1974-02-03,0.0
214,1974-02-10,0.0
215,1974-02-17,0.0
216,1974-02-24,0.0
217,1974-03-03,0.0
218,1974-03-10,0.0
219,1974-03-17,0.0
220,1974-03-24,0.0
221,1974-03-31,0.0
222,1974-04-07,0.0
223,1974-04-14,0.0
224,1974-04-21,0.0
225,1974-04-28,0.0
226,1974-05-05,0.0
227,1974-05-12,0.0
228,1974-05-19,0.0
229,1974-05-26,0.0
230,1974-06-02,0.0
231,1974-06-09,0.0
232,1974-06-16,0.0
233,1974-06-23,0.0
234,1974-06-30,0.0
235,1974-07-07,0.0
236,1974-07-14,0.0
237,1974-07-21,0.0
238,1974-07-28,0.0
239,1974-08-04,0.0
240,1974-08-11,0.0
241,1974-08-18,0.0
242,1974-08-25,0.0
243,1974-09-01,0.0
244,1974-09-08,0.0
245,1974-09-15,0.0
246,1974-09-22,0.0
247,1974-09-29,0.0
248,1974-10-06,0.0
249,1974-10-13,0.0
250,1974-10-20,0.0
251,1974-10-27,0.0
252,1974-11-03,0.0
253,1974-11-10,0.0
254,1974-11-17,0.0
255,1974-11-24,0.0
256,1974-12-01,0.0
257,1974-12-08,0.0
258,1974-12-15,0.0
259,1974-12-22,0.0
260,1974-12-29,0.0
261,1975-01-05,0.0
262,1975-01-12,0.0
263,1975-01-19,0.0
264,1975-01-26,0.0
265,1975-02-02,0.0
266,1975-02-09,0.0
267,1975-02-16,0.0
268,1975-02-23,0.0
269,1975-03-02,0.0
270,1975-03-09,0.0
271,1975-03-16,0.0
272,1975-03-23,0.0
273,1975-03-30,0.0
274,1975-04-06,0.0
275,1975-04-13,0.0
276,1975-04-20,0.0
277,1975-04-27,0.0
278,1975-05-04,0.0
279,1975-05-11,0.0
280,1975-05-18,0.0
281,1975-05-25,0.0
282,1975-06-01,0.0
283,1975-06-08,0.0
284,1975-06-15,0.0
285,1975-06-22,0.0
286,1975-06-29,0.0
287,1975-07-06,0.0
288,1975-07-13,0.0
289,1975-07-20,0.0
290,1975-07-27,0.0
291,1975-08-03,0.0
292,1975-08-10,0.0
293,1975-08-17,0.0
294,1975-08-24,0.0
295,1975-08-31,0.0
296,1975-09-07,0.0
297,1975-09-14,0.0
298,1975-09-21,0.0
299,1975-09-28,0.0
300,1975-10-05,0.0
301,1975-10-12,0.0
302,1975-10-19,0.0
303,1975-10-26,0.0
304,1975-11-02,0.0
305,1975-11-09,0.0
306,1975-11-16,0.0
307,1975-11-23,0.0
308,1975-11-30,0.0
309,1975-12-07,0.0
310,1975-12-14,0.0
311,1975-12-21,0.0
312,1975-12-28,0.0
313,1976-01-04,0.0
314,1976-01-11,0.0
315,1976-01-18,0.0
316,1976-01-25,0.0
317,1976-02-01,0.0
318,1976-02-08,0.0
319,1976-02-15,0.0
320,1976-02-22,0.0
321,1976-02-29,0.0
322,1976-03-07,0.0
323,1976-03-14,0.0
324,1976-03-21,0.0
325,1976-03-28,0.0
326,1976-04-04,0.0
327,1976-04-11,0.0
328,1976-04-18,0.0
329,1976-04-25,0.0
330,1976-05-02,0.0
331,1976-05-09,0.0
332,1976-05-16,0.0
333,1976-05-23,0.0
334,1976-05-30,0.0
335,1976-06-06,0.0
336,1976-06-13,0.0
337,1976-06-20,0.0
338,1976-06-27,0.0
339,1976-07-04,0.0
340,1976-07-11,0.0
341,1976-07-18,0.0
342,1976-07-25,0.0
343,1976-08-01,0.0
344,1976-08-08,0.0
345,1976-08-15,0.0
346,1976-08-22,0.0
347,1976-08-29,0.0
348,1976-09-05,0.0
349,1976-09-12,0.0
350,1976-09-19,0.0
351,1976-09-26,0.0
352,1976-10-03,0.0
353,1976-10-10,0.0
354,1976-10-17,0.0
355,1976-10-24,0.0
356,1976-10-31,0.0
357,1976-11-07,0.0
358,1976-11-14,0.0
359,1976-11-21,0.0
360,1976-11-28,0.0
361,1976-12-05,0.0
362,1976-12-12,0.0
363,1976-12-19,0.0
364,1976-12-26,0.0
365,1977-01-02,0.0
366,1977-01-09,0.0
367,1977-01-16,0.0
368,1977-01-23,0.0
369,1977-01-30,0.0
370,1977-02-06,0.0
371,1977-02-13,0.0
372,1977-02-20,0.0
373,1977-02-27,0.0
374,1977-03-06,0.0
375,1977-03-13,0.0
376,1977-03-20,0.0
377,1977-03-27,0.0
378,1977-04-03,0.0
379,1977-04-10,0.0
380,1977-04-17,0.0
381,1977-04-24,0.0
382,1977-05-01,0.0
383,1977-05-08,0.0
384,1977-05-15,0.0
385,1977-05-22,0.0
386,1977-05-29,0.0
387,1977-06-05,0.0
388,1977-06-12,0.0
389,1977-06-19,0.0
390,1977-06-26,0.0
391,1977-07-03,0.0
392,1977-07-10,0.0
393,1977-07-17,0.0
394,1977-07-24,0.0
395,1977-07-31,0.0
396,1977-08-07,0.0
397,1977-08-14,0.0
398,1977-08-21,0.0
399,1977-08-28,0.0
400,1977-09-04,0.0
401,1977-09-11,0.0
402,1977-09-18,0.0
403,1977-09-25,0.0
404,1977-10-02,0.0
405,1977-10-09,0.0
406,1977-10-16,0.0
407,1977-10-23,0.0
408,1977-10-30,0.0
409,1977-11-06,0.0
410,1977-11-13,0.0
411,1977-11-20,0.0
412,1977-11-27,0.0
413,1977-12-04,0.0
414,1977-12-11,0.0
415,1977-12-18,0.0
416,1977-12-25,0.0
417,1978-01-01,0.0
418,1978-01-08,0.0
419,1978-01-15,0.0
420,1978-01-22,0.0
421,1978-01-29,0.0
422,1978-02-05,0.0
423,1978-02-12,0.0
424,1978-02-19,0.0
425,1978-02-26,0.0
426,1978-03-05,0.0
427,1978-03-12,0.0
428,1978-03-19,0.0
429,1978-03-26,0.0
430,1978-04-02,0.0
431,1978-04-09,0.0
432,1978-04-16,0.0
433,1978-04-23,0.0
434,1978-04-30,0.0
435,1978-05-07,0.0
436,1978-05-14,0.0
437,1978-05-21,0.0
438,1978-05-28,0.0
439,1978-06-04,0.0
440,1978-06-11,0.0
441,1978-06-18,0.0
442,1978-06-25,0.0
443,1978-07-02,0.0
444,1978-07-09,0.0
445,1978-07-16,0.0
446,1978-07-23,0.0
447,1978-07-30,0.0
448,1978-08-06,0.0
449,1978-08-13,0.0
450,1978-08-20,0.0
451,1978-08-27,0.0
452,1978-09-03,0.0
453,1978-09-10,0.0
454,1978-09-17,0.0
455,1978-09-24,0.0
456,1978-10-01,0.0
457,1978-10-08,0.0
458,1978-10-15,0.0
459,1978-10-22,0.0
460,1978-10-29,0.0
461,1978-11-05,0.0
462,1978-11-12,0.0
463,1978-11-19,0.0
464,1978-11-26,0.0
465,1978-12-03,0.0
466,1978-12-10,0.0
467,1978-12-17,0.0
468,1978-12-24,0.0
469,1978-12-31,0.0
470,1979-01-07,0.0
471,1979-01-14,0.0
472,1979-01-21,0.0
473,1979-01-28,0.0
474,1979-02-04,0.0
475,1979-02-11,0.0
476,1979-02-18,0.0
477,1979-02-25,0.0
478,1979-03-04,0.0
479,1979-03-11,0.0
480,1979-03-18,0.0
481,1979-03-25,0.0
482,1979-04-01,0.0
483,1979-04-08,0.0
484,1979-04-15,0.0
485,1979-04-22,0.0
486,1979-04-29,0.0
487,1979-05-06,0.0
488,1979-05-13,0.0
489,1979-05-20,0.0
490,1979-05-27,0.0
491,1979-06-03,0.0
492,1979-06-10,0.0
493,1979-06-17,0.0
494,1979-06-24,0.0
495,1979-07-01,0.0
496,1979-07-08,0.0
497,1979-07-15,0.0
498,1979-07-22,0.0
499,1979-07-29,0.0
500,1979-08-05,0.0
501,1979-08-12,0.0
502,1979-08-19,0.0
503,1979-08-26,0.0
504,1979-09-02,0.0
505,1979-09-09,0.0
506,1979-09-16,0.0
507,1979-09-23,0.0
508,1979-09-30,0.0
509,1979-10-07,0.0
510,1979-10-14,0.0
511,1979-10-21,0.0
512,1979-10-28,0.0
513,1979-11-04,0.0
514,1979-11-11,0.0
515,1979-11-18,0.0
516,1979-11-25,0.0
517,1979-12-02,0.0
518,1979-12-09,0.0
519,1979-12-16,0.0
520,1979-12-23,0.0
521,1979-12-30,0.0
522,1980-01-06,0.0
523,1980-01-13,0.0
524,1980-01-20,0.0
525,1980-01-27,0.0
526,1980-02-03,0.0
527,1980-02-10,0.0
528,1980-02-17,0.0
529,1980-02-24,0.0
530,1980-03-02,0.0
531,1980-03-09,0.0
532,1980-03-16,0.0
533,1980-03-23,0.0
534,1980-03-30,0.0
535,1980-04-06,0.0
536,1980-04-13,0.0
537,1980-04-20,0.0
538,1980-04-27,0.0
539,1980-05-04,0.0
540,1980-05-11,0.0
541,1980-05-18,0.0
542,1980-05-25,0.0
543,1980-06-01,0.0
544,1980-06-08,0.0
545,1980-06-15,0.0
546,1980-06-22,0.0
547,1980-06-29,0.0
548,1980-07-06,0.0
549,1980-07-13,0.0
550,1980-07-20,0.0
551,1980-07-27,0.0
552,1980-08-03,0.0
553,1980-08-10,0.0
554,1980-08-17,0.0
555,1980-08-24,0.0
556,1980-08-31,0.0
557,1980-09-07,0.0
558,1980-09-14,0.0
559,1980-09-21,0.0
560,1980-09-28,0.0
561,1980-10-05,0.0
562,1980-10-12,0.0
563,1980-10-19,0.0
564,1980-10-26,0.0
565,1980-11-02,0.0
566,1980-11-09,0.0
567,1980-11-16,0.0
568,1980-11-23,0.0
569,1980-11-30,0.0
570,1980-12-07,0.0
571,1980-12-14,0.0
572,1980-12-21,0.0
573,1980-12-28,0.0
574,1981-01-04,0.0
575,1981-01-11,0.0
576,1981-01-18,0.0
577,1981-01-25,0.0
578,1981-02-01,0.0
579,1981-02-08,0.0
580,1981-02-15,0.0
581,1981-02-22,0.0
582,1981-03-01,0.0
583,1981-03-08,0.0
584,1981-03-15,0.0
585,1981-03-22,0.0
586,1981-03-29,0.0
587,1981-04-05,0.0
588,1981-04-12,0.0
589,1981-04-19,0.0
590,1981-04-26,0.0
591,1981-05-03,0.0
592,1981-05-10,0.0
593,1981-05-17,0.0
594,1981-05-24,0.0
595,1981-05-31,0.0
596,1981-06-07,0.0
597,1981-06-14,0.0
598,1981-06-21,0.0
599,1981-06-28,0.0
600,1981-07-05,0.0
601,1981-07-12,0.0
602,1981-07-19,0.0
603,1981-07-26,0.0
604,1981-08-02,0.0
605,1981-08-09,0.0
606,1981-08-16,0.0
607,1981-08-23,0.0
608,1981-08-30,0.0
609,1981-09-06,0.0
610,1981-09-13,0.0
611,1981-09-20,0.0
612,1981-09-27,0.0
613,1981-10-04,0.0
614,1981-10-11,0.0
615,1981-10-18,0.0
616,1981-10-25,0.0
617,1981-11-01,0.0
618,1981-11-08,0.0
619,1981-11-15,0.0
620,1981-11-22,0.0
621,1981-11-29,0.0
622,1981-12-06,0.0
623,1981-12-13,0.0
624,1981-12-20,0.0
625,1981-12-27,0.0
626,1982-01-03,0.0
627,1982-01-10,0.0
628,1982-01-17,0.0
629,1982-01-24,0.0
630,1982-01-31,0.0
631,1982-02-07,0.0
632,1982-02-14,0.0
633,1982-02-21,0.0
634,1982-02-28,0.0
635,1982-03-07,0.0
636,1982-03-14,0.0
637,1982-03-21,0.0
638,1982-03-28,0.0
639,1982-04-04,0.0
640,1982-04-11,0.0
641,1982-04-18,0.0
642,1982-04-25,0.0
643,1982-05-02,0.0
644,1982-05-09,0.0
645,1982-05-16,0.0
646,1982-05-23,0.0
647,1982-05-30,0.0
648,1982-06-06,0.0
649,1982-06-13,0.0
650,1982-06-20,0.0
651,1982-06-27,0.0
652,1982-07-04,0.0
653,1982-07-11,0.0
654,1982-07-18,0.0
655,1982-07-25,0.0
656,1982-08-01,0.0
657,1982-08-08,0.0
658,1982-08-15,0.0
659,1982-08-22,0.0
660,1982-08-29,0.0
661,1982-09-05,0.0
662,1982-09-12,0.0
663,1982-09-19,0.0
664,1982-09-26,0.0
665,1982-10-03,0.0
666,1982-10-10,0.0
667,1982-10-17,0.0
668,1982-10-24,0.0
669,1982-10-31,0.0
670,1982-11-07,0.0
671,1982-11-14,0.0
672,1982-11-21,0.0
673,1982-11-28,0.0
674,1982-12-05,0.0
675,1982-12-12,0.0
676,1982-12-19,0.0
677,1982-12-26,0.0
678,1983-01-02,0.0
679,1983-01-09,0.0
680,1983-01-16,0.0
681,1983-01-23,0.0
682,1983-01-30,0.0
683,1983-02-06,0.0
684,1983-02-13,0.0
685,1983-02-20,0.0
686,1983-02-27,0.0
687,1983-03-06,0.0
688,1983-03-13,0.0
689,1983-03-20,0.0
690,1983-03-27,0.0
691,1983-04-03,0.0
692,1983-04-10,0.0
693,1983-04-17,0.0
694,1983-04-24,0.0
695,1983-05-01,0.0
696,1983-05-08,0.0
697,1983-05-15,0.0
698,1983-05-22,0.0
699,1983-05-29,0.0
700,1983-06-05,0.0
701,1983-06-12,0.0
702,1983-06-19,0.0
703,1983-06-26,0.0
704,1983-07-03,0.0
705,1983-07-10,0.0
706,1983-07-17,0.0
707,1983-07-24,0.0
708,1983-07-31,0.0
709,1983-08-07,0.0
710,1983-08-14,0.0
711,1983-08-21,0.0
712,1983-08-28,0.0
713,1983-09-04,0.0
714,1983-09-11,0.0
715,1983-09-18,0.0
716,1983-09-25,0.0
717,1983-10-02,0.0
718,1983-10-09,0.0
719,1983-10-16,0.0
720,1983-10-23,0.0
721,1983-10-30,0.0
722,1983-11-06,0.0
723,1983-11-13,0.0
724,1983-11-20,0.0
725,1983-11-27,0.0
726,1983-12-04,0.0
727,1983-12-11,0.0
728,1983-12-18,0.0
729,1983-12-25,0.0
730,1984-01-01,0.0
731,1984-01-08,0.0
732,1984-01-15,0.0
733,1984-01-22,0.0
734,1984-01-29,0.0
735,1984-02-05,0.0
736,1984-02-12,0.0
737,1984-02-19,0.0
738,1984-02-26,0.0
739,1984-03-04,0.0
740,1984-03-11,0.0
741,1984-03-18,0.0
742,1984-03-25,0.0
743,1984-04-01,0.0
744,1984-04-08,0.0
745,1984-04-15,0.0
746,1984-04-22,0.0
747,1984-04-29,0.0
748,1984-05-06,0.0
749,1984-05-13,0.0
750,1984-05-20,0.0
751,1984-05-27,0.0
752,1984-06-03,0.0
753,1984-06-10,0.0
754,1984-06-17,0.0
755,1984-06-24,0.0
756,1984-07-01,0.0
757,1984-07-08,0.0
758,1984-07-15,0.0
759,1984-07-22,0.0
760,1984-07-29,0.0
761,1984-08-05,0.0
762,1984-08-12,0.0
763,1984-08-19,0.0
764,1984-08-26,0.0
765,1984-09-02,0.0
766,1984-09-09,0.0
767,1984-09-16,0.0
768,1984-09-23,0.0
769,1984-09-30,0.0
770,1984-10-07,0.0
771,1984-10-14,0.0
772,1984-10-21,0.0
773,1984-10-28,0.0
774,1984-11-04,0.0
775,1984-11-11,0.0
776,1984-11-18,0.0
777,1984-11-25,0.0
778,1984-12-02,0.0
779,1984-12-09,0.0
780,1984-12-16,0.0
781,1984-12-23,0.0
782,1984-12-30,0.0
783,1985-01-06,0.0
784,1985-01-13,0.0
785,1985-01-20,0.0
786,1985-01-27,0.0
787,1985-02-03,0.0
788,1985-02-10,0.0
789,1985-02-17,0.0
790,1985-02-24,0.0
791,1985-03-03,0.0
792,1985-03-10,0.0
793,1985-03-17,0.0
794,1985-03-24,0.0
795,1985-03-31,0.0
796,1985-04-07,0.0
797,1985-04-14,0.0
798,1985-04-21,0.0
799,1985-04-28,0.0
800,1985-05-05,0.0
801,1985-05-12,0.0
802,1985-05-19,0.0
803,1985-05-26,0.0
804,1985-06-02,0.0
805,1985-06-09,0.0
806,1985-06-16,0.0
807,1985-06-23,0.0
808,1985-06-30,0.0
809,1985-07-07,0.0
810,1985-07-14,0.0
811,1985-07-21,0.0
812,1985-07-28,0.0
813,1985-08-04,0.0
814,1985-08-11,0.0
815,1985-08-18,0.0
816,1985-08-25,0.0
817,1985-09-01,0.0
818,1985-09-08,0.0
819,1985-09-15,0.0
820,1985-09-22,0.0
821,1985-09-29,0.0
822,1985-10-06,0.0
823,1985-10-13,0.0
824,1985-10-20,0.0
825,1985-10-27,0.0
826,1985-11-03,0.0
827,1985-11-10,0.0
828,1985-11-17,0.0
829,1985-11-24,0.0
830,1985-12-01,0.0
831,1985-12-08,0.0
832,1985-12-15,0.0
833,1985-12-22,0.0
834,1985-12-29,0.0
835,1986-01-05,0.0
836,1986-01-12,0.0
837,1986-01-19,0.0
838,1986-01-26,0.0
839,1986-02-02,0.0
840,1986-02-09,0.0
841,1986-02-16,0.0
842,1986-02-23,0.0
843,1986-03-02,0.0
844,1986-03-09,0.0
845,1986-03-16,0.0
846,1986-03-23,0.0
847,1986-03-30,0.0
848,1986-04-06,0.0
849,1986-04-13,0.0
850,1986-04-20,0.0
851,1986-04-27,0.0
852,1986-05-04,0.0
853,1986-05-11,0.0
854,1986-05-18,0.0
855,1986-05-25,0.0
856,1986-06-01,0.0
857,1986-06-08,0.0
858,1986-06-15,0.0
859,1986-06-22,0.0
860,1986-06-29,0.0
861,1986-07-06,0.0
862,1986-07-13,0.0
863,1986-07-20,0.0
864,1986-07-27,0.0
865,1986-08-03,0.0
866,1986-08-10,0.0
867,1986-08-17,0.0
868,1986-08-24,0.0
869,1986-08-31,0.0
870,1986-09-07,0.0
871,1986-09-14,0.0
872,1986-09-21,0.0
873,1986-09-28,0.0
874,1986-10-05,0.0
875,1986-10-12,0.0
876,1986-10-19,0.0
877,1986-10-26,0.0
878,1986-11-02,0.0
879,1986-11-09,0.0
880,1986-11-16,0.0
881,1986-11-23,0.0
882,1986-11-30,0.0
883,1986-12-07,0.0
884,1986-12-14,0.0
885,1986-12-21,0.0
886,1986-12-28,0.0
887,1987-01-04,0.0
888,1987-01-11,0.0
889,1987-01-18,0.0
890,1987-01-25,0.0
891,1987-02-01,0.0
892,1987-02-08,0.0
893,1987-02-15,0.0
894,1987-02-22,0.0
895,1987-03-01,0.0
896,1987-03-08,0.0
897,1987-03-15,0.0
898,1987-03-22,0.0
899,1987-03-29,0.0
900,1987-04-05,0.0
901,1987-04-12,0.0
902,1987-04-19,0.0
903,1987-04-26,0.0
904,1987-05-03,0.0
905,1987-05-10,0.0
906,1987-05-17,0.0
907,1987-05-24,0.0
908,1987-05-31,0.0
909,1987-06-07,0.0
910,1987-06-14,0.0
911,1987-06-21,0.0
912,1987-06-28,0.0
913,1987-07-05,0.0
914,1987-07-12,0.0
915,1987-07-19,0.0
916,1987-07-26,0.0
917,1987-08-02,0.0
918,1987-08-09,0.0
919,1987-08-16,0.0
920,1987-08-23,0.0
921,1987-08-30,0.0
922,1987-09-06,0.0
923,1987-09-13,0.0
924,1987-09-20,0.0
925,1987-09-27,0.0
926,1987-10-04,0.0
927,1987-10-11,0.0
928,1987-10-18,0.0
929,1987-10-25,0.0
930,1987-11-01,0.0
931,1987-11-08,0.0
932,1987-11-15,0.0
933,1987-11-22,0.0
934,1987-11-29,0.0
935,1987-12-06,0.0
936,1987-12-13,0.0
937,1987-12-20,0.0
938,1987-12-27,0.0
939,1988-01-03,0.0
940,1988-01-10,0.0
941,1988-01-17,0.0
942,1988-01-24,0.0
943,1988-01-31,0.0
944,1988-02-07,0.0
945,1988-02-14,0.0
946,1988-02-21,0.0
947,1988-02-28,0.0
948,1988-03-06,0.0
949,1988-03-13,0.0
950,1988-03-20,0.0
951,1988-03-27,0.0
952,1988-04-03,0.0
953,1988-04-10,0.0
954,1988-04-17,0.0
955,1988-04-24,0.0
956,1988-05-01,0.0
957,1988-05-08,0.0
958,1988-05-15,0.0
959,1988-05-22,0.0
960,1988-05-29,0.0
961,1988-06-05,0.0
962,1988-06-12,0.0
963,1988-06-19,0.0
964,1988-06-26,0.0
965,1988-07-03,0.0
966,1988-07-10,0.0
967,1988-07-17,0.0
968,1988-07-24,0.0
969,1988-07-31,0.0
970,1988-08-07,0.0
971,1988-08-14,0.0
972,1988-08-21,0.0
973,1988-08-28,0.0
974,1988-09-04,0.0
975,1988-09-11,0.0
976,1988-09-18,0.0
977,1988-09-25,0.0
978,1988-10-02,0.0
979,1988-10-09,0.0
980,1988-10-16,0.0
981,1988-10-23,0.0
982,1988-10-30,0.0
983,1988-11-06,0.0
984,1988-11-13,0.0
985,1988-11-20,0.0
986,1988-11-27,0.0
987,1988-12-04,0.0
988,1988-12-11,0.0
989,1988-12-18,0.0
990,1988-12-25,0.0
991,1989-01-01,0.0
992,1989-01-08,0.0
993,1989-01-15,0.0
994,1989-01-22,0.0
995,1989-01-29,0.0
996,1989-02-05,0.0
997,1989-02-12,0.0
998,1989-02-19,0.0
999,1989-02-26,0.0
1000,1989-03-05,0.0
1001,1989-03-12,0.0
1002,1989-03-19,0.0
1003,1989-03-26,0.0
1004,1989-04-02,0.0
1005,1989-04-09,0.0
1006,1989-04-16,0.0
1007,1989-04-23,0.0
1008,1989-04-30,0.0
1009,1989-05-07,0.0
1010,1989-05-14,0.0
1011,1989-05-21,0.0
1012,1989-05-28,0.0
1013,1989-06-04,0.0
1014,1989-06-11,0.0
1015,1989-06-18,0.0
1016,1989-06-25,0.0
1017,1989-07-02,0.0
1018,1989-07-09,0.0
1019,1989-07-16,0.0
1020,1989-07-23,0.0
1021,1989-07-30,0.0
1022,1989-08-06,0.0
1023,1989-08-13,0.0
1024,1989-08-20,0.0
1025,1989-08-27,0.0
1026,1989-09-03,0.0
1027,1989-09-10,0.0
1028,1989-09-17,0.0
1029,1989-09-24,0.0
1030,1989-10-01,0.0
1031,1989-10-08,0.0
1032,1989-10-15,0.0
1033,1989-10-22,0.0
1034,1989-10-29,0.0
1035,1989-11-05,0.0
1036,1989-11-12,0.0
1037,1989-11-19,0.0
1038,1989-11-26,0.0
1039,1989-12-03,0.0
1040,1989-12-10,0.0
1041,1989-12-17,0.0
1042,1989-12-24,0.0
1043,1989-12-31,0.0
1044,1990-01-07,0.0
1045,1990-01-14,0.0
1046,1990-01-21,0.0
1047,1990-01-28,0.0
1048,1990-02-04,0.0
1049,1990-02-11,0.0
1050,1990-02-18,0.0
1051,1990-02-25,0.0
1052,1990-03-04,0.0
1053,1990-03-11,0.0
1054,1990-03-18,0.0
1055,1990-03-25,0.0
1056,1990-04-01,0.0
1057,1990-04-08,0.0
1058,1990-04-15,0.0
1059,1990-04-22,0.0
1060,1990-04-29,0.0
1061,1990-05-06,0.0
1062,1990-05-13,0.0
1063,1990-05-20,0.0
1064,1990-05-27,0.0
1065,1990-06-03,0.0
1066,1990-06-10,0.0
1067,1990-06-17,0.0
1068,1990-06-24,0.0
1069,1990-07-01,0.0
1070,1990-07-08,0.0
1071,1990-07-15,0.0
1072,1990-07-22,0.0
1073,1990-07-29,0.0
1074,1990-08-05,0.0
1075,1990-08-12,0.0
1076,1990-08-19,0.0
1077,1990-08-26,0.0
1078,1990-09-02,0.0
1079,1990-09-09,0.0
1080,1990-09-16,0.0
1081,1990-09-23,0.0
1082,1990-09-30,0.0
1083,1990-10-07,0.0
1084,1990-10-14,0.0
1085,1990-10-21,0.0
1086,1990-10-28,0.0
1087,1990-11-04,0.0
1088,1990-11-11,0.0
1089,1990-11-18,0.0
1090,1990-11-25,0.0
1091,1990-12-02,0.0
1092,1990-12-09,0.0
1093,1990-12-16,0.0
1094,1990-12-23,0.0
1095,1990-12-30,0.0
1096,1991-01-06,0.0
1097,1991-01-13,0.0
1098,1991-01-20,0.0
1099,1991-01-27,0.0
1100,1991-02-03,0.0
1101,1991-02-10,0.0
1102,1991-02-17,0.0
1103,1991-02-24,0.0
1104,1991-03-03,0.0
1105,1991-03-10,0.0
1106,1991-03-17,0.0
1107,1991-03-24,0.0
1108,1991-03-31,0.0
1109,1991-04-07,0.0
1110,1991-04-14,0.0
1111,1991-04-21,0.0
1112,1991-04-28,0.0
1113,1991-05-05,0.0
1114,1991-05-12,0.0
1115,1991-05-19,0.0
1116,1991-05-26,0.0
1117,1991-06-02,0.0
1118,1991-06-09,0.0
1119,1991-06-16,0.0
1120,1991-06-23,0.0
1121,1991-06-30,0.0
1122,1991-07-07,0.0
1123,1991-07-14,0.0
1124,1991-07-21,0.0
1125,1991-07-28,0.0
1126,1991-08-04,0.0
1127,1991-08-11,0.0
1128,1991-08-18,0.0
1129,1991-08-25,0.0
1130,1991-09-01,0.0
1131,1991-09-08,0.0
1132,1991-09-15,0.0
1133,1991-09-22,0.0
1134,1991-09-29,0.0
1135,1991-10-06,0.0
1136,1991-10-13,0.0
1137,1991-10-20,0.0
1138,1991-10-27,0.0
1139,1991-11-03,0.0
1140,1991-11-10,0.0
1141,1991-11-17,0.0
1142,1991-11-24,0.0
1143,1991-12-01,0.0
1144,1991-12-08,0.0
1145,1991-12-15,0.0
1146,1991-12-22,0.0
1147,1991-12-29,0.0
1148,1992-01-05,0.0
1149,1992-01-12,0.0
1150,1992-01-19,0.0
1151,1992-01-26,0.0
1152,1992-02-02,0.0
1153,1992-02-09,0.0
1154,1992-02-16,0.0
1155,1992-02-23,0.0
1156,1992-03-01,0.0
1157,1992-03-08,0.0
1158,1992-03-15,0.0
1159,1992-03-22,0.0
1160,1992-03-29,0.0
1161,1992-04-05,0.0
1162,1992-04-12,0.0
1163,1992-04-19,0.0
1164,1992-04-26,0.0
1165,1992-05-03,0.0
1166,1992-05-10,0.0
1167,1992-05-17,0.0
1168,1992-05-24,0.0
1169,1992-05-31,0.0
1170,1992-06-07,0.0
1171,1992-06-14,0.0
1172,1992-06-21,0.0
1173,1992-06-28,0.0
1174,1992-07-05,0.0
1175,1992-07-12,0.0
1176,1992-07-19,0.0
1177,1992-07-26,0.0
1178,1992-08-02,0.0
1179,1992-08-09,0.0
1180,1992-08-16,0.0
1181,1992-08-23,0.0
1182,1992-08-30,0.0
1183,1992-09-06,0.0
1184,1992-09-13,0.0
1185,1992-09-20,0.0
1186,1992-09-27,0.0
1187,1992-10-04,0.0
1188,1992-10-11,0.0
1189,1992-10-18,0.0
1190,1992-10-25,0.0
1191,1992-11-01,0.0
1192,1992-11-08,0.0
1193,1992-11-15,0.0
1194,1992-11-22,0.0
1195,1992-11-29,0.0
1196,1992-12-06,0.0
1197,1992-12-13,0.0
1198,1992-12-20,0.0
1199,1992-12-27,0.0
1200,1993-01-03,0.0
1201,1993-01-10,0.0
1202,1993-01-17,0.0
1203,1993-01-24,0.0
1204,1993-01-31,0.0
1205,1993-02-07,0.0
1206,1993-02-14,0.0
1207,1993-02-21,0.0
1208,1993-02-28,0.0
1209,1993-03-07,0.0
1210,1993-03-14,0.0
1211,1993-03-21,0.0
1212,1993-03-28,0.0
1213,1993-04-04,0.0
1214,1993-04-11,0.0
1215,1993-04-18,0.0
1216,1993-04-25,0.0
1217,1993-05-02,0.0
1218,1993-05-09,0.0
1219,1993-05-16,0.0
1220,1993-05-23,0.0
1221,1993-05-30,0.0
1222,1993-06-06,0.0
1223,1993-06-13,0.0
1224,1993-06-20,0.0
1225,1993-06-27,0.0
1226,1993-07-04,0.0
1227,1993-07-11,0.0
1228,1993-07-18,0.0
1229,1993-07-25,0.0
1230,1993-08-01,0.0
1231,1993-08-08,0.0
1232,1993-08-15,0.0
1233,1993-08-22,0.0
1234,1993-08-29,0.0
1235,1993-09-05,0.0
1236,1993-09-12,0.0
1237,1993-09-19,0.0
1238,1993-09-26,0.0
1239,1993-10-03,0.0
1240,1993-10-10,0.0
1241,1993-10-17,0.0
1242,1993-10-24,0.0
1243,1993-10-31,0.0
1244,1993-11-07,0.0
1245,1993-11-14,0.0
1246,1993-11-21,0.0
1247,1993-11-28,0.0
1248,1993-12-05,0.0
1249,1993-12-12,0.0
1250,1993-12-19,0.0
1251,1993-12-26,0.0
1252,1994-01-02,0.0
1253,1994-01-09,0.0
1254,1994-01-16,0.0
1255,1994-01-23,0.0
1256,1994-01-30,0.0
1257,1994-02-06,0.0
1258,1994-02-13,0.0
1259,1994-02-20,0.0
1260,1994-02-27,0.0
1261,1994-03-06,0.0
1262,1994-03-13,0.0
1263,1994-03-20,0.0
1264,1994-03-27,0.0
1265,1994-04-03,0.0
1266,1994-04-10,0.0
1267,1994-04-17,0.0
1268,1994-04-24,0.0
1269,1994-05-01,0.0
1270,1994-05-08,0.0
1271,1994-05-15,0.0
1272,1994-05-22,0.0
1273,1994-05-29,0.0
1274,1994-06-05,0.0
1275,1994-06-12,0.0
1276,1994-06-19,0.0
1277,1994-06-26,0.0
1278,1994-07-03,0.0
1279,1994-07-10,0.0
1280,1994-07-17,0.0
1281,1994-07-24,0.0
1282,1994-07-31,0.0
1283,1994-08-07,0.0
1284,1994-08-14,0.0
1285,1994-08-21,0.0
1286,1994-08-28,0.0
1287,1994-09-04,0.0
1288,1994-09-11,0.0
1289,1994-09-18,0.0
1290,1994-09-25,0.0
1291,1994-10-02,0.0
1292,1994-10-09,0.0
1293,1994-10-16,0.0
1294,1994-10-23,0.0
1295,1994-10-30,0.0
1296,1994-11-06,0.0
1297,1994-11-13,0.0
1298,1994-11-20,0.0
1299,1994-11-27,0.0
1300,1994-12-04,0.0
1301,1994-12-11,0.0
1302,1994-12-18,0.0
1303,1994-12-25,0.0
1304,1995-01-01,0.0
1305,1995-01-08,0.0
1306,1995-01-15,0.0
1307,1995-01-22,0.0
1308,1995-01-29,0.0
1309,1995-02-05,0.0
1310,1995-02-12,0.0
1311,1995-02-19,0.0
1312,1995-02-26,0.0
1313,1995-03-05,0.0
1314,1995-03-12,0.0
1315,1995-03-19,0.0
1316,1995-03-26,0.0
1317,1995-04-02,0.0
1318,1995-04-09,0.0
1319,1995-04-16,0.0
1320,1995-04-23,0.0
1321,1995-04-30,0.0
1322,1995-05-07,0.0
1323,1995-05-14,0.0
1324,1995-05-21,0.0
1325,1995-05-28,0.0
1326,1995-06-04,0.0
1327,1995-06-11,0.0
1328,1995-06-18,0.0
1329,1995-06-25,0.0
1330,1995-07-02,0.0
1331,1995-07-09,0.0
1332,1995-07-16,0.0
1333,1995-07-23,0.0
1334,1995-07-30,0.0
1335,1995-08-06,0.0
1336,1995-08-13,0.0
1337,1995-08-20,0.0
1338,1995-08-27,0.0
1339,1995-09-03,0.0
1340,1995-09-10,0.0
1341,1995-09-17,0.0
1342,1995-09-24,0.0
1343,1995-10-01,0.0
1344,1995-10-08,0.0
1345,1995-10-15,0.0
1346,1995-10-22,0.0
1347,1995-10-29,0.0
1348,1995-11-05,0.0
1349,1995-11-12,0.0
1350,1995-11-19,0.0
1351,1995-11-26,0.0
1352,1995-12-03,0.0
1353,1995-12-10,0.0
1354,1995-12-17,0.0
1355,1995-12-24,0.0
1356,1995-12-31,0.0
1357,1996-01-07,0.0
1358,1996-01-14,0.0
1359,1996-01-21,0.0
1360,1996-01-28,0.0
1361,1996-02-04,0.0
1362,1996-02-11,0.0
1363,1996-02-18,0.0
1364,1996-02-25,0.0
1365,1996-03-03,0.0
1366,1996-03-10,0.0
1367,1996-03-17,0.0
1368,1996-03-24,0.0
1369,1996-03-31,0.0
1370,1996-04-07,0.0
1371,1996-04-14,0.0
1372,1996-04-21,0.0
1373,1996-04-28,0.0
1374,1996-05-05,0.0
1375,1996-05-12,0.0
1376,1996-05-19,0.0
1377,1996-05-26,0.0
1378,1996-06-02,0.0
1379,1996-06-09,0.0
1380,1996-06-16,0.0
1381,1996-06-23,0.0
1382,1996-06-30,0.0
1383,1996-07-07,0.0
1384,1996-07-14,0.0
1385,1996-07-21,0.0
1386,1996-07-28,0.0
1387,1996-08-04,0.0
1388,1996-08-11,0.0
1389,1996-08-18,0.0
1390,1996-08-25,0.0
1391,1996-09-01,0.0
1392,1996-09-08,0.0
1393,1996-09-15,0.0
1394,1996-09-22,0.0
1395,1996-09-29,0.0
1396,1996-10-06,0.0
1397,1996-10-13,0.0
1398,1996-10-20,0.0
1399,1996-10-27,0.0
1400,1996-11-03,0.0
1401,1996-11-10,0.0
1402,1996-11-17,0.0
1403,1996-11-24,0.0
1404,1996-12-01,0.0
1405,1996-12-08,0.0
1406,1996-12-15,0.0
1407,1996-12-22,0.0
1408,1996-12-29,0.0
1409,1997-01-05,0.0
1410,1997-01-12,0.0
1411,1997-01-19,0.0
1412,1997-01-26,0.0
1413,1997-02-02,0.0
1414,1997-02-09,0.0
1415,1997-02-16,0.0
1416,1997-02-23,0.0
1417,1997-03-02,0.0
1418,1997-03-09,0.0
1419,1997-03-16,0.0
1420,1997-03-23,0.0
1421,1997-03-30,0.0
1422,1997-04-06,0.0
1423,1997-04-13,0.0
1424,1997-04-20,0.0
1425,1997-04-27,0.0
1426,1997-05-04,0.0
1427,1997-05-11,0.0
1428,1997-05-18,0.0
1429,1997-05-25,0.0
1430,1997-06-01,0.0
1431,1997-06-08,0.0
1432,1997-06-15,0.0
1433,1997-06-22,0.0
1434,1997-06-29,0.0
1435,1997-07-06,0.0
1436,1997-07-13,0.0
1437,1997-07-20,0.0
1438,1997-07-27,0.0
1439,1997-08-03,0.0
1440,1997-08-10,0.0
1441,1997-08-17,0.0
1442,1997-08-24,0.0
1443,1997-08-31,0.0
1444,1997-09-07,0.0
1445,1997-09-14,0.0
1446,1997-09-21,0.0
1447,1997-09-28,0.0
1448,1997-10-05,0.0
1449,1997-10-12,0.0
1450,1997-10-19,0.0
1451,1997-10-26,0.0
1452,1997-11-02,0.0
1453,1997-11-09,0.0
1454,1997-11-16,0.0
1455,1997-11-23,0.0
1456,1997-11-30,0.0
1457,1997-12-07,0.0
1458,1997-12-14,0.0
1459,1997-12-21,0.0
1460,1997-12-28,0.0
1461,1998-01-04,0.0
1462,1998-01-11,0.0
1463,1998-01-18,0.0
1464,1998-01-25,0.0
1465,1998-02-01,0.0
1466,1998-02-08,0.0
1467,1998-02-15,0.0
1468,1998-02-22,0.0
1469,1998-03-01,0.0
1470,1998-03-08,0.0
1471,1998-03-15,0.0
1472,1998-03-22,0.0
1473,1998-03-29,0.0
1474,1998-04-05,0.0
1475,1998-04-12,0.0
1476,1998-04-19,0.0
1477,1998-04-26,0.0
1478,1998-05-03,0.0
1479,1998-05-10,0.0
1480,1998-05-17,0.0
1481,1998-05-24,0.0
1482,1998-05-31,0.0
1483,1998-06-07,0.0
1484,1998-06-14,0.0
1485,1998-06-21,0.0
1486,1998-06-28,0.0
1487,1998-07-05,0.0
1488,1998-07-12,0.0
1489,1998-07-19,0.0
1490,1998-07-26,0.0
1491,1998-08-02,0.0
1492,1998-08-09,0.0
1493,1998-08-16,0.0
1494,1998-08-23,0.0
1495,1998-08-30,0.0
1496,1998-09-06,0.0
1497,1998-09-13,0.0
1498,1998-09-20,0.0
1499,1998-09-27,0.0
1500,1998-10-04,0.0
1501,1998-10-11,0.0
1502,1998-10-18,0.0
1503,1998-10-25,0.0
1504,1998-11-01,0.0
1505,1998-11-08,0.0
1506,1998-11-15,0.0
1507,1998-11-22,0.0
1508,1998-11-29,0.0
1509,1998-12-06,0.0
1510,1998-12-13,0.0
1511,1998-12-20,0.0
1512,1998-12-27,0.0
1513,1999-01-03,0.0
1514,1999-01-10,0.0
1515,1999-01-17,0.0
1516,1999-01-24,0.0
1517,1999-01-31,0.0
1518,1999-02-07,0.0
1519,1999-02-14,0.0
1520,1999-02-21,0.0
1521,1999-02-28,0.0
1522,1999-03-07,0.0
1523,1999-03-14,0.0
1524,1999-03-21,0.0
1525,1999-03-28,0.0
1526,1999-04-04,0.0
1527,1999-04-11,0.0
1528,1999-04-18,0.0
1529,1999-04-25,0.0
1530,1999-05-02,0.0
1531,1999-05-09,0.0
1532,1999-05-16,0.0
1533,1999-05-23,0.0
1534,1999-05-30,0.0
1535,1999-06-06,0.0
1536,1999-06-13,0.0
1537,1999-06-20,0.0
1538,1999-06-27,0.0
1539,1999-07-04,0.0
1540,1999-07-11,0.0
1541,1999-07-18,0.0
1542,1999-07-25,0.0
1543,1999-08-01,0.0
1544,1999-08-08,0.0
1545,1999-08-15,0.0
1546,1999-08-22,0.0
1547,1999-08-29,0.0
1548,1999-09-05,0.0
1549,1999-09-12,0.0
1550,1999-09-19,0.0
1551,1999-09-26,0.0
1552,1999-10-03,0.0
1553,1999-10-10,0.0
1554,1999-10-17,0.0
1555,1999-10-24,0.0
1556,1999-10-31,0.0
1557,1999-11-07,0.0
1558,1999-11-14,0.0
1559,1999-11-21,0.0
1560,1999-11-28,0.0
1561,1999-12-05,0.0
1562,1999-12-12,0.0
1563,1999-12-19,0.0
1564,1999-12-26,0.0
1565,2000-01-02,0.0
1566,2000-01-09,0.0
1567,2000-01-16,0.0
1568,2000-01-23,0.0
1569,2000-01-30,0.0
1570,2000-02-06,0.0
1571,2000-02-13,0.0
1572,2000-02-20,0.0
1573,2000-02-27,0.0
1574,2000-03-05,0.0
1575,2000-03-12,0.0
1576,2000-03-19,0.0
1577,2000-03-26,0.0
1578,2000-04-02,0.0
1579,2000-04-09,0.0
1580,2000-04-16,0.0
1581,2000-04-23,0.0
1582,2000-04-30,0.0
1583,2000-05-07,0.0
1584,2000-05-14,0.0
1585,2000-05-21,0.0
1586,2000-05-28,0.0
1587,2000-06-04,0.0
1588,2000-06-11,0.0
1589,2000-06-18,0.0
1590,2000-06-25,0.0
1591,2000-07-02,0.0
1592,2000-07-09,0.0
1593,2000-07-16,0.0
1594,2000-07-23,0.0
1595,2000-07-30,0.0
1596,2000-08-06,0.0
1597,2000-08-13,0.0
1598,2000-08-20,0.0
1599,2000-08-27,0.0
1600,2000-09-03,0.0
1601,2000-09-10,0.0
1602,2000-09-17,0.0
1603,2000-09-24,0.0
1604,2000-10-01,0.0
1605,2000-10-08,0.0
1606,2000-10-15,0.0
1607,2000-10-22,0.0
1608,2000-10-29,0.0
1609,2000-11-05,0.0
1610,2000-11-12,0.0
1611,2000-11-19,0.0
1612,2000-11-26,0.0
1613,2000-12-03,0.0
1614,2000-12-10,0.0
1615,2000-12-17,0.0
1616,2000-12-24,0.0
1617,2000-12-31,0.0
1618,2001-01-07,0.0
1619,2001-01-14,0.0
1620,2001-01-21,0.0
1621,2001-01-28,0.0
1622,2001-02-04,0.0
1623,2001-02-11,0.0
1624,2001-02-18,0.0
1625,2001-02-25,0.0
1626,2001-03-04,0.0
1627,2001-03-11,0.0
1628,2001-03-18,0.0
1629,2001-03-25,0.0
1630,2001-04-01,0.0
1631,2001-04-08,0.0
1632,2001-04-15,0.0
1633,2001-04-22,0.0
1634,2001-04-29,0.0
1635,2001-05-06,0.0
1636,2001-05-13,0.0
1637,2001-05-20,0.0
1638,2001-05-27,0.0
1639,2001-06-03,0.0
1640,2001-06-10,0.0
1641,2001-06-17,0.0
1642,2001-06-24,0.0
1643,2001-07-01,0.0
1644,2001-07-08,0.0
1645,2001-07-15,0.0
1646,2001-07-22,0.0
1647,2001-07-29,0.0
1648,2001-08-05,0.0
1649,2001-08-12,0.0
1650,2001-08-19,0.0
1651,2001-08-26,0.0
1652,2001-09-02,0.0
1653,2001-09-09,0.0
1654,2001-09-16,0.0
1655,2001-09-23,0.0
1656,2001-09-30,0.0
1657,2001-10-07,0.0
1658,2001-10-14,0.0
1659,2001-10-21,0.0
1660,2001-10-28,0.0
1661,2001-11-04,0.0
1662,2001-11-11,0.0
1663,2001-11-18,0.0
1664,2001-11-25,0.0
1665,2001-12-02,0.0
1666,2001-12-09,0.0
1667,2001-12-16,0.0
1668,2001-12-23,0.0
1669,2001-12-30,0.0
1670,2002-01-06,0.0
1671,2002-01-13,0.0
1672,2002-01-20,0.0
1673,2002-01-27,0.0
1674,2002-02-03,0.0
1675,2002-02-10,0.0
1676,2002-02-17,0.0
1677,2002-02-24,0.0
1678,2002-03-03,0.0
1679,2002-03-10,0.0
1680,2002-03-17,0.0
1681,2002-03-24,0.0
1682,2002-03-31,0.0
1683,2002-04-07,0.0
1684,2002-04-14,0.0
1685,2002-04-21,0.0
1686,2002-04-28,0.0
1687,2002-05-05,0.0
1688,2002-05-12,0.0
1689,2002-05-19,0.0
1690,2002-05-26,0.0
1691,2002-06-02,0.0
1692,2002-06-09,0.0
1693,2002-06-16,0.0
1694,2002-06-23,0.0
1695,2002-06-30,0.0
1696,2002-07-07,0.0
1697,2002-07-14,0.0
1698,2002-07-21,0.0
1699,2002-07-28,0.0
1700,2002-08-04,0.0
1701,2002-08-11,0.0
1702,2002-08-18,0.0
1703,2002-08-25,0.0
1704,2002-09-01,0.0
1705,2002-09-08,0.0
1706,2002-09-15,0.0
1707,2002-09-22,0.0
1708,2002-09-29,0.0
1709,2002-10-06,0.0
1710,2002-10-13,0.0
1711,2002-10-20,0.0
1712,2002-10-27,0.0
1713,2002-11-03,0.0
1714,2002-11-10,0.0
1715,2002-11-17,0.0
1716,2002-11-24,0.0
1717,2002-12-01,0.0
1718,2002-12-08,0.0
1719,2002-12-15,0.0
1720,2002-12-22,0.0
1721,2002-12-29,0.0
1722,2003-01-05,0.0
1723,2003-01-12,0.0
1724,2003-01-19,0.0
1725,2003-01-26,0.0
1726,2003-02-02,0.0
1727,2003-02-09,0.0
1728,2003-02-16,0.0
1729,2003-02-23,0.0
1730,2003-03-02,0.0
1731,2003-03-09,0.0
1732,2003-03-16,0.0
1733,2003-03-23,0.0
1734,2003-03-30,0.0
1735,2003-04-06,0.0
1736,2003-04-13,0.0
1737,2003-04-20,0.0
1738,2003-04-27,0.0
1739,2003-05-04,0.0
1740,2003-05-11,0.0
1741,2003-05-18,0.0
1742,2003-05-25,0.0
1743,2003-06-01,0.0
1744,2003-06-08,0.0
1745,2003-06-15,0.0
1746,2003-06-22,0.0
1747,2003-06-29,0.0
1748,2003-07-06,0.0
1749,2003-07-13,0.0
1750,2003-07-20,0.0
1751,2003-07-27,0.0
1752,2003-08-03,0.0
1753,2003-08-10,0.0
1754,2003-08-17,0.0
1755,2003-08-24,0.0
1756,2003-08-31,0.0
1757,2003-09-07,0.0
1758,2003-09-14,0.0
1759,2003-09-21,0.0
1760,2003-09-28,0.0
1761,2003-10-05,0.0
1762,2003-10-12,0.0
1763,2003-10-19,0.0
1764,2003-10-26,0.0
1765,2003-11-02,0.0
1766,2003-11-09,0.0
1767,2003-11-16,0.0
1768,2003-11-23,0.0
1769,2003-11-30,0.0
1770,2003-12-07,0.0
1771,2003-12-14,0.0
1772,2003-12-21,0.0
1773,2003-12-28,0.0
1774,2004-01-04,0.0
1775,2004-01-11,0.0
1776,2004-01-18,0.0
1777,2004-01-25,0.0
1778,2004-02-01,0.0
1779,2004-02-08,0.0
1780,2004-02-15,0.0
1781,2004-02-22,0.0
1782,2004-02-29,0.0
1783,2004-03-07,0.0
1784,2004-03-14,0.0
1785,2004-03-21,0.0
1786,2004-03-28,0.0
1787,2004-04-04,0.0
1788,2004-04-11,0.0
1789,2004-04-18,0.0
1790,2004-04-25,0.0
1791,2004-05-02,0.0
1792,2004-05-09,0.0
1793,2004-05-16,0.0
1794,2004-05-23,0.0
1795,2004-05-30,0.0
1796,2004-06-06,0.0
1797,2004-06-13,0.0
1798,2004-06-20,0.0
1799,2004-06-27,0.0
1800,2004-07-04,0.0
1801,2004-07-11,0.0
1802,2004-07-18,0.0
1803,2004-07-25,0.0
1804,2004-08-01,0.0
1805,2004-08-08,0.0
1806,2004-08-15,0.0
1807,2004-08-22,0.0
1808,2004-08-29,0.0
1809,2004-09-05,0.0
1810,2004-09-12,0.0
1811,2004-09-19,0.0
1812,2004-09-26,0.0
1813,2004-10-03,0.0
1814,2004-10-10,0.0
1815,2004-10-17,0.0
1816,2004-10-24,0.0
1817,2004-10-31,0.0
1818,2004-11-07,0.0
1819,2004-11-14,0.0
1820,2004-11-21,0.0
1821,2004-11-28,0.0
1822,2004-12-05,0.0
1823,2004-12-12,0.0
1824,2004-12-19,0.0
1825,2004-12-26,0.0
1826,2005-01-02,0.0
1827,2005-01-09,0.0
1828,2005-01-16,0.0
1829,2005-01-23,0.0
1830,2005-01-30,0.0
1831,2005-02-06,0.0
1832,2005-02-13,0.0
1833,2005-02-20,0.0
1834,2005-02-27,0.0
1835,2005-03-06,0.0
1836,2005-03-13,0.0
1837,2005-03-20,0.0
1838,2005-03-27,0.0
1839,2005-04-03,0.0
1840,2005-04-10,0.0
1841,2005-04-17,0.0
1842,2005-04-24,0.0
1843,2005-05-01,0.0
1844,2005-05-08,0.0
1845,2005-05-15,0.0
1846,2005-05-22,0.0
1847,2005-05-29,0.0
1848,2005-06-05,0.0
1849,2005-06-12,0.0
1850,2005-06-19,0.0
1851,2005-06-26,0.0
1852,2005-07-03,0.0
1853,2005-07-10,0.0
1854,2005-07-17,0.0
1855,2005-07-24,0.0
1856,2005-07-31,0.0
1857,2005-08-07,0.0
1858,2005-08-14,0.0
1859,2005-08-21,0.0
1860,2005-08-28,0.0
1861,2005-09-04,0.0
1862,2005-09-11,0.0
1863,2005-09-18,0.0
1864,2005-09-25,0.0
1865,2005-10-02,0.0
1866,2005-10-09,0.0
1867,2005-10-16,0.0
1868,2005-10-23,0.0
1869,2005-10-30,0.0
1870,2005-11-06,0.0
1871,2005-11-13,0.0
1872,2005-11-20,0.0
1873,2005-11-27,0.0
1874,2005-12-04,0.0
1875,2005-12-11,0.0
1876,2005-12-18,0.0
1877,2005-12-25,0.0
1878,2006-01-01,0.0
1879,2006-01-08,0.0
1880,2006-01-15,0.0
1881,2006-01-22,0.0
1882,2006-01-29,0.0
1883,2006-02-05,0.0
1884,2006-02-12,0.0
1885,2006-02-19,0.0
1886,2006-02-26,0.0
1887,2006-03-05,0.0
1888,2006-03-12,0.0
1889,2006-03-19,0.0
1890,2006-03-26,0.0
1891,2006-04-02,0.0
1892,2006-04-09,0.0
1893,2006-04-16,0.0
1894,2006-04-23,0.0
1895,2006-04-30,0.0
1896,2006-05-07,0.0
1897,2006-05-14,0.0
1898,2006-05-21,0.0
1899,2006-05-28,0.0
1900,2006-06-04,0.0
1901,2006-06-11,0.0
1902,2006-06-18,0.0
1903,2006-06-25,0.0
1904,2006-07-02,0.0
1905,2006-07-09,0.0
1906,2006-07-16,0.0
1907,2006-07-23,0.0
1908,2006-07-30,0.0
1909,2006-08-06,0.0
1910,2006-08-13,0.0
1911,2006-08-20,0.0
1912,2006-08-27,0.0
1913,2006-09-03,0.0
1914,2006-09-10,0.0
1915,2006-09-17,0.0
1916,2006-09-24,0.0
1917,2006-10-01,0.0
1918,2006-10-08,0.0
1919,2006-10-15,0.0
1920,2006-10-22,0.0
1921,2006-10-29,0.0
1922,2006-11-05,0.0
1923,2006-11-12,0.0
1924,2006-11-19,0.0
1925,2006-11-26,0.0
1926,2006-12-03,0.0
1927,2006-12-10,0.0
1928,2006-12-17,0.0
1929,2006-12-24,0.0
1930,2006-12-31,0.0
1931,2007-01-07,0.0
1932,2007-01-14,0.0
1933,2007-01-21,0.0
1934,2007-01-28,0.0
1935,2007-02-04,0.0
1936,2007-02-11,0.0
1937,2007-02-18,0.0
1938,2007-02-25,0.0
1939,2007-03-04,0.0
1940,2007-03-11,0.0
1941,2007-03-18,0.0
1942,2007-03-25,0.0
1943,2007-04-01,0.0
1944,2007-04-08,0.0
1945,2007-04-15,0.0
1946,2007-04-22,0.0
1947,2007-04-29,0.0
1948,2007-05-06,0.0
1949,2007-05-13,0.0
1950,2007-05-20,0.0
1951,2007-05-27,0.0
1952,2007-06-03,0.0
1953,2007-06-10,0.0
1954,2007-06-17,0.0
1955,2007-06-24,0.0
1956,2007-07-01,0.0
1957,2007-07-08,0.0
1958,2007-07-15,0.0
1959,2007-07-22,0.0
1960,2007-07-29,0.0
1961,2007-08-05,0.0
1962,2007-08-12,0.0
1963,2007-08-19,0.0
1964,2007-08-26,0.0
1965,2007-09-02,0.0
1966,2007-09-09,0.0
1967,2007-09-16,0.0
1968,2007-09-23,0.0
1969,2007-09-30,0.0
1970,2007-10-07,0.0
1971,2007-10-14,0.0
1972,2007-10-21,0.0
1973,2007-10-28,0.0
1974,2007-11-04,0.0
1975,2007-11-11,0.0
1976,2007-11-18,0.0
1977,2007-11-25,0.0
1978,2007-12-02,0.0
1979,2007-12-09,0.0
1980,2007-12-16,0.0
1981,2007-12-23,0.0
1982,2007-12-30,0.0
1983,2008-01-06,0.0
1984,2008-01-13,0.0
1985,2008-01-20,0.0
1986,2008-01-27,0.0
1987,2008-02-03,0.0
1988,2008-02-10,0.0
1989,2008-02-17,0.0
1990,2008-02-24,0.0
1991,2008-03-02,0.0
1992,2008-03-09,0.0
1993,2008-03-16,0.0
1994,2008-03-23,0.0
1995,2008-03-30,0.0
1996,2008-04-06,0.0
1997,2008-04-13,0.0
1998,2008-04-20,0.0
1999,2008-04-27,0.0
2000,2008-05-04,0.0
2001,2008-05-11,0.0
2002,2008-05-18,0.0
2003,2008-05-25,0.0
2004,2008-06-01,0.0
2005,2008-06-08,0.0
2006,2008-06-15,0.0
2007,2008-06-22,0.0
2008,2008-06-29,0.0
2009,2008-07-06,0.0
2010,2008-07-13,0.0
2011,2008-07-20,0.0
2012,2008-07-27,0.0
2013,2008-08-03,0.0
2014,2008-08-10,0.0
2015,2008-08-17,0.0
2016,2008-08-24,0.0
2017,2008-08-31,0.0
2018,2008-09-07,0.0
2019,2008-09-14,0.0
2020,2008-09-21,0.0
2021,2008-09-28,0.0
2022,2008-10-05,0.0
2023,2008-10-12,0.0
2024,2008-10-19,0.0
2025,2008-10-26,0.0
2026,2008-11-02,0.0
2027,2008-11-09,0.0
2028,2008-11-16,0.0
2029,2008-11-23,0.0
2030,2008-11-30,0.0
2031,2008-12-07,0.0
2032,2008-12-14,0.0
2033,2008-12-21,0.0
2034,2008-12-28,0.0
2035,2009-01-04,0.0
2036,2009-01-11,0.0
2037,2009-01-18,0.0
2038,2009-01-25,0.0
2039,2009-02-01,0.0
2040,2009-02-08,0.0
2041,2009-02-15,0.0
2042,2009-02-22,0.0
2043,2009-03-01,0.0
2044,2009-03-08,0.0
2045,2009-03-15,0.0
2046,2009-03-22,0.0
2047,2009-03-29,0.0
2048,2009-04-05,0.0
2049,2009-04-12,0.0
2050,2009-04-19,0.0
2051,2009-04-26,0.0
2052,2009-05-03,0.0
2053,2009-05-10,0.0
2054,2009-05-17,0.0
2055,2009-05-24,0.0
2056,2009-05-31,0.0
2057,2009-06-07,0.0
2058,2009-06-14,0.0
2059,2009-06-21,0.0
2060,2009-06-28,0.0
2061,2009-07-05,0.0
2062,2009-07-12,0.0
2063,2009-07-19,0.0
2064,2009-07-26,0.0
2065,2009-08-02,0.0
2066,2009-08-09,0.0
2067,2009-08-16,0.0
2068,2009-08-23,0.0
2069,2009-08-30,0.0
2070,2009-09-06,0.0
2071,2009-09-13,0.0
2072,2009-09-20,0.0
2073,2009-09-27,0.0
2074,2009-10-04,0.0
2075,2009-10-11,0.0
2076,2009-10-18,0.0
2077,2009-10-25,0.0
2078,2009-11-01,0.0
2079,2009-11-08,0.0
2080,2009-11-15,0.0
2081,2009-11-22,0.0
2082,2009-11-29,0.0
2083,2009-12-06,0.0
2084,2009-12-13,0.0
2085,2009-12-20,0.0
2086,2009-12-27,0.0
2087,2010-01-03,0.0
2088,2010-01-10,0.0
2089,2010-01-17,0.0
2090,2010-01-24,0.0
2091,2010-01-31,0.0
2092,2010-02-07,0.0
2093,2010-02-14,0.0
2094,2010-02-21,0.0
2095,2010-02-28,0.0
2096,2010-03-07,0.0
2097,2010-03-14,0.0
2098,2010-03-21,0.0
2099,2010-03-28,0.0
2100,2010-04-04,0.0
2101,2010-04-11,0.0
2102,2010-04-18,0.0
2103,2010-04-25,0.0
2104,2010-05-02,0.0
2105,2010-05-09,0.0
2106,2010-05-16,0.0
2107,2010-05-23,0.0
2108,2010-05-30,0.0
2109,2010-06-06,0.0
2110,2010-06-13,0.0
2111,2010-06-20,0.0
2112,2010-06-27,0.0
2113,2010-07-04,0.0
2114,2010-07-11,0.0
2115,2010-07-18,0.0
2116,2010-07-25,0.0
2117,2010-08-01,0.0
2118,2010-08-08,0.0
2119,2010-08-15,0.0
2120,2010-08-22,0.0
2121,2010-08-29,0.0
2122,2010-09-05,0.0
2123,2010-09-12,0.0
2124,2010-09-19,0.0
2125,2010-09-26,0.0
2126,2010-10-03,0.0
2127,2010-10-10,0.0
2128,2010-10-17,0.0
2129,2010-10-24,0.0
2130,2010-10-31,0.0
2131,2010-11-07,0.0
2132,2010-11-14,0.0
2133,2010-11-21,0.0
2134,2010-11-28,0.0
2135,2010-12-05,0.0
2136,2010-12-12,0.0
2137,2010-12-19,0.0
2138,2010-12-26,0.0
2139,2011-01-02,0.0
2140,2011-01-09,0.0
2141,2011-01-16,0.0
2142,2011-01-23,0.0
2143,2011-01-30,0.0
2144,2011-02-06,0.0
2145,2011-02-13,0.0
2146,2011-02-20,0.0
2147,2011-02-27,0.0
2148,2011-03-06,0.0
2149,2011-03-13,0.0
2150,2011-03-20,0.0
2151,2011-03-27,0.0
2152,2011-04-03,0.0
2153,2011-04-10,0.0
2154,2011-04-17,0.0
2155,2011-04-24,0.0
2156,2011-05-01,0.0
2157,2011-05-08,0.0
2158,2011-05-15,0.0
2159,2011-05-22,0.0
2160,2011-05-29,0.0
2161,2011-06-05,0.0
2162,2011-06-12,0.0
2163,2011-06-19,0.0
2164,2011-06-26,0.0
2165,2011-07-03,0.0
2166,2011-07-10,0.0
2167,2011-07-17,0.0
2168,2011-07-24,0.0
2169,2011-07-31,0.0
2170,2011-08-07,0.0
2171,2011-08-14,0.0
2172,2011-08-21,0.0
2173,2011-08-28,0.0
2174,2011-09-04,0.0
2175,2011-09-11,0.0
2176,2011-09-18,0.0
2177,2011-09-25,0.0
2178,2011-10-02,0.0
2179,2011-10-09,0.0
2180,2011-10-16,0.0
2181,2011-10-23,0.0
2182,2011-10-30,0.0
2183,2011-11-06,0.0
2184,2011-11-13,0.0
2185,2011-11-20,0.0
2186,2011-11-27,0.0
2187,2011-12-04,0.0
2188,2011-12-11,0.0
2189,2011-12-18,0.0
2190,2011-12-25,0.0
2191,2012-01-01,0.0
2192,2012-01-08,0.0
2193,2012-01-15,0.0
2194,2012-01-22,0.0
2195,2012-01-29,0.0
2196,2012-02-05,0.0
2197,2012-02-12,0.0
2198,2012-02-19,0.0
2199,2012-02-26,0.0
2200,2012-03-04,0.0
2201,2012-03-11,0.0
2202,2012-03-18,0.0
2203,2012-03-25,0.0
2204,2012-04-01,0.0
2205,2012-04-08,0.0
2206,2012-04-15,0.0
2207,2012-04-22,0.0
2208,2012-04-29,0.0
2209,2012-05-06,0.0
2210,2012-05-13,0.0
2211,2012-05-20,0.0
2212,2012-05-27,0.0
2213,2012-06-03,0.0
2214,2012-06-10,0.0
2215,2012-06-17,0.0
2216,2012-06-24,0.0
2217,2012-07-01,0.0
2218,2012-07-08,0.0
2219,2012-07-15,0.0
2220,2012-07-22,0.0
2221,2012-07-29,0.0
2222,2012-08-05,0.0
2223,2012-08-12,0.0
2224,2012-08-19,0.0
2225,2012-08-26,0.0
2226,2012-09-02,0.0
2227,2012-09-09,0.0
2228,2012-09-16,0.0
2229,2012-09-23,0.0
2230,2012-09-30,0.0
2231,2012-10-07,0.0
2232,2012-10-14,0.0
2233,2012-10-21,0.0
2234,2012-10-28,0.0
2235,2012-11-04,0.0
2236,2012-11-11,0.0
2237,2012-11-18,0.0
2238,2012-11-25,0.0
2239,2012-12-02,0.0
2240,2012-12-09,0.0
2241,2012-12-16,0.0
2242,2012-12-23,0.0
2243,2012-12-30,0.0
2244,2013-01-06,0.0
2245,2013-01-13,0.0
2246,2013-01-20,0.0
2247,2013-01-27,0.0
2248,2013-02-03,0.0
2249,2013-02-10,0.0
2250,2013-02-17,0.0
2251,2013-02-24,0.0
2252,2013-03-03,0.0
2253,2013-03-10,0.0
2254,2013-03-17,0.0
2255,2013-03-24,0.0
2256,2013-03-31,0.0
2257,2013-04-07,0.0
2258,2013-04-14,0.0
2259,2013-04-21,0.0
2260,2013-04-28,0.0
2261,2013-05-05,0.0
2262,2013-05-12,0.0
2263,2013-05-19,0.0
2264,2013-05-26,0.0
2265,2013-06-02,0.0
2266,2013-06-09,0.0
2267,2013-06-16,0.0
2268,2013-06-23,0.0
2269,2013-06-30,0.0
2270,2013-07-07,0.0
2271,2013-07-14,0.0
2272,2013-07-21,0.0
2273,2013-07-28,0.0
2274,2013-08-04,0.0
2275,2013-08-11,0.0
2276,2013-08-18,0.0
2277,2013-08-25,0.0
2278,2013-09-01,0.0
2279,2013-09-08,0.0
2280,2013-09-15,0.0
2281,2013-09-22,0.0
2282,2013-09-29,0.0
2283,2013-10-06,0.0
2284,2013-10-13,0.0
2285,2013-10-20,0.0
2286,2013-10-27,0.0
2287,2013-11-03,0.0
2288,2013-11-10,0.0
2289,2013-11-17,0.0
2290,2013-11-24,0.0
2291,2013-12-01,0.0
2292,2013-12-08,0.0
2293,2013-12-15,0.0
2294,2013-12-22,0.0
2295,2013-12-29,0.0
2296,2014-01-05,0.0
2297,2014-01-12,0.0
2298,2014-01-19,0.0
2299,2014-01-26,0.0
2300,2014-02-02,0.0
2301,2014-02-09,0.0
2302,2014-02-16,0.0
2303,2014-02-23,0.0
2304,2014-03-02,0.0
2305,2014-03-09,0.0
2306,2014-03-16,0.0
2307,2014-03-23,0.0
2308,2014-03-30,0.0
2309,2014-04-06,0.0
2310,2014-04-13,0.0
2311,2014-04-20,0.0
2312,2014-04-27,0.0
2313,2014-05-04,0.0
2314,2014-05-11,0.0
2315,2014-05-18,0.0
2316,2014-05-25,0.0
2317,2014-06-01,0.0
2318,2014-06-08,0.0
2319,2014-06-15,0.0
2320,2014-06-22,0.0
2321,2014-06-29,0.0
2322,2014-07-06,0.0
2323,2014-07-13,0.0
2324,2014-07-20,0.0
2325,2014-07-27,0.0
2326,2014-08-03,0.0
2327,2014-08-10,0.0
2328,2014-08-17,0.0
2329,2014-08-24,0.0
2330,2014-08-31,0.0
2331,2014-09-07,0.0
2332,2014-09-14,0.0
2333,2014-09-21,0.0
2334,2014-09-28,0.0
2335,2014-10-05,0.0
2336,2014-10-12,0.0
2337,2014-10-19,0.0
2338,2014-10-26,0.0
2339,2014-11-02,0.0
2340,2014-11-09,0.0
2341,2014-11-16,0.0
2342,2014-11-23,0.0
2343,2014-11-30,0.0
2344,2014-12-07,0.0
2345,2014-12-14,0.0
2346,2014-12-21,0.0
2347,2014-12-28,0.0
2348,2015-01-04,0.0
2349,2015-01-11,0.0
2350,2015-01-18,0.0
2351,2015-01-25,0.0
2352,2015-02-01,0.0
2353,2015-02-08,0.0
2354,2015-02-15,0.0
2355,2015-02-22,0.0
2356,2015-03-01,0.0
2357,2015-03-08,0.0
2358,2015-03-15,0.0
2359,2015-03-22,0.0
2360,2015-03-29,0.0
2361,2015-04-05,0.0
2362,2015-04-12,0.0
2363,2015-04-19,0.0
2364,2015-04-26,0.0
2365,2015-05-03,0.0
2366,2015-05-10,0.0
2367,2015-05-17,0.0
2368,2015-05-24,0.0
2369,2015-05-31,0.0
2370,2015-06-07,0.0
2371,2015-06-14,0.0
2372,2015-06-21,0.0
2373,2015-06-28,0.0
2374,2015-07-05,0.0
2375,2015-07-12,0.0
2376,2015-07-19,0.0
2377,2015-07-26,0.0
2378,2015-08-02,0.0
2379,2015-08-09,0.0
2380,2015-08-16,0.0
2381,2015-08-23,0.0
2382,2015-08-30,0.0
2383,2015-09-06,0.0
2384,2015-09-13,0.0
2385,2015-09-20,0.0
2386,2015-09-27,0.0
2387,2015-10-04,0.0
2388,2015-10-11,0.0
2389,2015-10-18,0.0
2390,2015-10-25,0.0
2391,2015-11-01,0.0
2392,2015-11-08,0.0
2393,2015-11-15,0.0
2394,2015-11-22,0.0
2395,2015-11-29,0.0
2396,2015-12-06,0.0
2397,2015-12-13,0.0
2398,2015-12-20,0.0
2399,2015-12-27,0.0
2400,2016-01-03,0.0
2401,2016-01-10,0.0
2402,2016-01-17,0.0
2403,2016-01-24,0.0
2404,2016-01-31,0.0
2405,2016-02-07,0.0
2406,2016-02-14,0.0
2407,2016-02-21,0.0
2408,2016-02-28,0.0
2409,2016-03-06,0.0
2410,2016-03-13,0.0
2411,2016-03-20,0.0
2412,2016-03-27,0.0
2413,2016-04-03,0.0
2414,2016-04-10,0.0
2415,2016-04-17,0.0
2416,2016-04-24,0.0
2417,2016-05-01,0.0
2418,2016-05-08,0.0
2419,2016-05-15,0.0
2420,2016-05-22,0.0
2421,2016-05-29,0.0
2422,2016-06-05,0.0
2423,2016-06-12,0.0
2424,2016-06-19,0.0
2425,2016-06-26,0.0
2426,2016-07-03,0.0
2427,2016-07-10,0.0
2428,2016-07-17,0.0
2429,2016-07-24,0.0
2430,2016-07-31,0.0
2431,2016-08-07,0.0
2432,2016-08-14,0.0
2433,2016-08-21,0.0
2434,2016-08-28,0.0
2435,2016-09-04,0.0
2436,2016-09-11,0.0
2437,2016-09-18,0.0
2438,2016-09-25,0.0
2439,2016-10-02,0.0
2440,2016-10-09,0.0
2441,2016-10-16,0.0
2442,2016-10-23,0.0
2443,2016-10-30,0.0
2444,2016-11-06,0.0
2445,2016-11-13,0.0
2446,2016-11-20,0.0
2447,2016-11-27,0.0
2448,2016-12-04,0.0
2449,2016-12-11,0.0
2450,2016-12-18,0.0
2451,2016-12-25,0.0
2452,2017-01-01,0.0
2453,2017-01-08,0.0
2454,2017-01-15,0.0
2455,2017-01-22,0.0
2456,2017-01-29,0.0
2457,2017-02-05,0.0
2458,2017-02-12,0.0
2459,2017-02-19,0.0
2460,2017-02-26,0.0
2461,2017-03-05,0.0
2462,2017-03-12,0.0
2463,2017-03-19,0.0
2464,2017-03-26,0.0
2465,2017-04-02,0.0
2466,2017-04-09,0.0
2467,2017-04-16,0.0
2468,2017-04-23,0.0
2469,2017-04-30,0.0
2470,2017-05-07,0.0
2471,2017-05-14,0.0
2472,2017-05-21,0.0
2473,2017-05-28,0.0
2474,2017-06-04,0.0
2475,2017-06-11,0.0
2476,2017-06-18,0.0
2477,2017-06-25,0.0
2478,2017-07-02,0.0
2479,2017-07-09,0.0
2480,2017-07-16,0.0
2481,2017-07-23,0.0
2482,2017-07-30,0.0
2483,2017-08-06,0.0
2484,2017-08-13,0.0
2485,2017-08-20,0.0
2486,2017-08-27,0.0
2487,2017-09-03,0.0
2488,2017-09-10,0.0
2489,2017-09-17,0.0
2490,2017-09-24,0.0
2491,2017-10-01,0.0
2492,2017-10-08,0.0
2493,2017-10-15,0.0
2494,2017-10-22,0.0
2495,2017-10-29,0.0
2496,2017-11-05,0.0
2497,2017-11-12,0.0
2498,2017-11-19,0.0
2499,2017-11-26,0.0
2500,2017-12-03,0.0
2501,2017-12-10,0.0
2502,2017-12-17,0.0
2503,2017-12-24,0.0
2504,2017-12-31,0.0
2505,2018-01-07,1140.4121187
2506,2018-01-14,4151.152457
2507,2018-01-21,2949.3580695
2508,2018-01-28,4984.5725584
2509,2018-02-04,2334.0806053
2510,2018-02-11,3736.2993966
2511,2018-02-18,2312.374073
2512,2018-02-25,3846.723845
2513,2018-03-04,6884.0160442999995
2514,2018-03-11,2986.4931422
2515,2018-03-18,2318.51308912
2516,2018-03-25,6071.5603554
2517,2018-04-01,2072.83690402
2518,2018-04-08,1947.4556326
2519,2018-04-15,2629.7238947
2520,2018-04-22,4069.02015
2521,2018-04-29,3191.5468669
2522,2018-05-06,2420.9702247
2523,2018-05-13,3464.495523
2524,2018-05-20,4872.48937176
2525,2018-05-27,2795.1347209
2526,2018-06-03,4519.23692606
2527,2018-06-10,6207.0583375
2528,2018-06-17,6077.13405048
2529,2018-06-24,6625.58003744
2530,2018-07-01,4155.1491527
2531,2018-07-08,2115.97103964
2532,2018-07-15,4256.9191798
2533,2018-07-22,4933.69311068
2534,2018-07-29,2305.49636808
2535,2018-08-05,1970.5241155
2536,2018-08-12,2812.1263634
2537,2018-08-19,2442.953297
2538,2018-08-26,2745.4145168
2539,2018-09-02,2658.5018162
2540,2018-09-09,3190.4887657
2541,2018-09-16,6531.2470896
2542,2018-09-23,4566.8884002
2543,2018-09-30,3436.96328
2544,2018-10-07,1745.25792916
2545,2018-10-14,3389.4814682
2546,2018-10-21,2818.8439657
2547,2018-10-28,2418.9672152
2548,2018-11-04,3641.3965624400003
2549,2018-11-11,3636.85452008
2550,2018-11-18,3621.80355568
2551,2018-11-25,2536.1790167
2552,2018-12-02,3828.8430824
2553,2018-12-09,2442.1452531
2554,2018-12-16,2925.6966245
2555,2018-12-23,1776.3543284
2556,2018-12-30,1496.6285642
2557,2019-01-06,560.43177554
2558,2019-01-13,3802.1552426
2559,2019-01-20,1958.40923294
2560,2019-01-27,3735.30685512
2561,2019-02-03,2123.6172967
2562,2019-02-10,2817.8801882
2563,2019-02-17,2767.918239
2564,2019-02-24,4302.07549712
2565,2019-03-03,4189.0524059
2566,2019-03-10,5376.8291178
2567,2019-03-17,4427.22569578
2568,2019-03-24,2669.6093292
2569,2019-03-31,1461.25130798
2570,2019-04-07,3150.5378899
2571,2019-04-14,1748.6666727
2572,2019-04-21,2556.0244666
2573,2019-04-28,1655.2074424
2574,2019-05-05,3206.1955438
2575,2019-05-12,2021.7072736
2576,2019-05-19,2400.7124664
2577,2019-05-26,4020.9115822
2578,2019-06-02,5672.859133
2579,2019-06-09,4753.730133
2580,2019-06-16,5763.52386
2581,2019-06-23,6304.085472
2582,2019-06-30,5746.8081117
2583,2019-07-07,4158.7145791
2584,2019-07-14,2850.787777
2585,2019-07-21,5077.6441061
2586,2019-07-28,3193.7245903
2587,2019-08-04,3854.9603208
2588,2019-08-11,1858.8079731
2589,2019-08-18,1188.9642102
2590,2019-08-25,4763.4609565
2591,2019-09-01,3490.9019458
2592,2019-09-08,1732.7794458
2593,2019-09-15,6875.4282833
2594,2019-09-22,5710.7195532999995
2595,2019-09-29,2559.265642
2596,2019-10-06,1443.6055706
2597,2019-10-13,2710.41343
2598,2019-10-20,2346.7323882
2599,2019-10-27,1141.83275428
2600,2019-11-03,2219.8207017
2601,2019-11-10,3022.6439774
2602,2019-11-17,1681.70743016
2603,2019-11-24,3905.45241768
2604,2019-12-01,3915.8651352
2605,2019-12-08,3160.1442056
2606,2019-12-15,2162.3234257999998
2607,2019-12-22,2326.0709484
2608,2019-12-29,262.42607636
2609,2020-01-05,309.5218038
2610,2020-01-12,2953.9309052
2611,2020-01-19,2835.8088356
2612,2020-01-26,2579.7980864
2613,2020-02-02,3338.63311094
2614,2020-02-09,2375.5887900000002
2615,2020-02-16,4090.3736222
2616,2020-02-23,2841.3877107
2617,2020-03-01,3917.4792014
2618,2020-03-08,2929.6016622
2619,2020-03-15,3839.2519737
2620,2020-03-22,2090.1863561
2621,2020-03-29,1033.0635393
2622,2020-04-05,1438.4706488
2623,2020-04-12,1930.6587642
2624,2020-04-19,1783.9379202
2625,2020-04-26,2561.4317039
2626,2020-05-03,1682.2260552100001
2627,2020-05-10,1503.7927958
2628,2020-05-17,3192.44454912
2629,2020-05-24,1792.9605808
2630,2020-05-31,2862.5459904
2631,2020-06-07,2812.1577802
2632,2020-06-14,3996.9720809
2633,2020-06-21,2970.3466373
2634,2020-06-28,3015.2415115999997
2635,2020-07-05,5315.4773256
2636,2020-07-12,6446.7986498
2637,2020-07-19,2266.4789938
2638,2020-07-26,2896.9777097
2639,2020-08-02,1138.7293856000001
2640,2020-08-09,3035.4577791
2641,2020-08-16,2373.73535424
2642,2020-08-23,2809.4732766
2643,2020-08-30,4083.8414101
2644,2020-09-06,2761.2918716
2645,2020-09-13,6547.8674836
2646,2020-09-20,3392.5756457
2647,2020-09-27,2550.1520991
2648,2020-10-04,2010.4450796
2649,2020-10-11,3756.6718647
2650,2020-10-18,4286.2562801
2651,2020-10-25,2692.23867388
2652,2020-11-01,1132.27596808
2653,2020-11-08,1436.3517
2654,2020-11-15,2329.5735125
2655,2020-11-22,3694.6038424
2656,2020-11-29,2585.73012238
2657,2020-12-06,4912.5731358
2658,2020-12-13,3219.1154469
2659,2020-12-20,1729.5721897
2660,2020-12-27,350.6764652
2661,2021-01-03,1456.1475709000001
2662,2021-01-10,798.9882318
2663,2021-01-17,802.5949136
2664,2021-01-24,2942.0973367
2665,2021-01-31,1300.5271134
2666,2021-02-07,600.8388911
2667,2021-02-14,705.7325354999999
2668,2021-02-21,1010.3321439
2669,2021-02-28,739.5133161
2670,2021-03-07,1285.70820572
2671,2021-03-14,891.5022599
2672,2021-03-21,1001.6480437
2673,2021-03-28,1711.8248566
2674,2021-04-04,785.738354
2675,2021-04-11,687.6951596
2676,2021-04-18,1194.8798468
2677,2021-04-25,996.57250364
2678,2021-05-02,1967.5055064
2679,2021-05-09,1839.6481784
2680,2021-05-16,621.8020472000001
2681,2021-05-23,1361.60166
2682,2021-05-30,1056.8512607
2683,2021-06-06,1485.419238
2684,2021-06-13,2169.758114
2685,2021-06-20,2314.5051564
2686,2021-06-27,1508.3376921
2687,2021-07-04,1641.5786895
2688,2021-07-11,2528.8407042
2689,2021-07-18,2288.2827714
2690,2021-07-25,1428.7167003
2691,2021-08-01,525.10628146
2692,2021-08-08,1705.4228845
2693,2021-08-15,1368.2889277
2694,2021-08-22,3635.0758433999995
2695,2021-08-29,1607.8582182
2696,2021-09-05,386.6332167
2697,2021-09-12,750.73163952
2698,2021-09-19,2778.9514872
2699,2021-09-26,655.58210046
2700,2021-10-03,632.4474434
2701,2021-10-10,1161.0435611999999
2702,2021-10-17,1806.419186
2703,2021-10-24,880.8219789
2704,2021-10-31,1206.059252
2705,2021-11-07,545.7764916
2706,2021-11-14,1874.6502471000001
2707,2021-11-21,1049.5823634399999
2708,2021-11-28,1247.9091329999999
2709,2021-12-05,394.3707632
2710,2021-12-12,465.5425877
2711,2021-12-19,1229.3914383
2712,2021-12-26,511.04911599999997
2713,2022-01-02,1568.5535748
2714,2022-01-09,2035.0010694
2715,2022-01-16,993.5409516
2716,2022-01-23,506.9462312
2717,2022-01-30,1236.2944053
2718,2022-02-06,773.5324902
2719,2022-02-13,768.9195968600001
2720,2022-02-20,1732.769912
2721,2022-02-27,893.8072935
2722,2022-03-06,547.3579605
2723,2022-03-13,750.9654877
2724,2022-03-20,466.6255062
2725,2022-03-27,368.7350999
2726,2022-04-03,371.39385100000004
2727,2022-04-10,613.8241993
2728,2022-04-17,406.50214090000003
2729,2022-04-24,610.3427003
2730,2022-05-01,705.6753984000001
2731,2022-05-08,524.7622236000001
